time,frontend-cpu,frontend-mem,frontend-cpu_cfs,frontend-rps,frontend-success_rate,frontend-network_receive,frontend-network_transmit,frontend-p50latency,frontend-p90latency,frontend-fs_write_bytes,checkoutservice-cpu,checkoutservice-mem,checkoutservice-cpu_cfs,checkoutservice-rps,checkoutservice-success_rate,checkoutservice-network_receive,checkoutservice-network_transmit,checkoutservice-p50latency,checkoutservice-p90latency,checkoutservice-fs_write_bytes,productcatalogservice-cpu,productcatalogservice-mem,productcatalogservice-cpu_cfs,productcatalogservice-rps,productcatalogservice-success_rate,productcatalogservice-network_receive,productcatalogservice-network_transmit,productcatalogservice-p50latency,productcatalogservice-p90latency,productcatalogservice-fs_write_bytes,cartservice-cpu,cartservice-mem,cartservice-cpu_cfs,cartservice-rps,cartservice-success_rate,cartservice-network_receive,cartservice-network_transmit,cartservice-p50latency,cartservice-p90latency,cartservice-fs_write_bytes,currencyservice-cpu,currencyservice-mem,currencyservice-cpu_cfs,currencyservice-rps,currencyservice-success_rate,currencyservice-network_receive,currencyservice-network_transmit,currencyservice-p50latency,currencyservice-p90latency,currencyservice-fs_write_bytes,paymentservice-cpu,paymentservice-mem,paymentservice-cpu_cfs,paymentservice-rps,paymentservice-success_rate,paymentservice-network_receive,paymentservice-network_transmit,paymentservice-p50latency,paymentservice-p90latency,paymentservice-fs_write_bytes,shippingservice-cpu,shippingservice-mem,shippingservice-cpu_cfs,shippingservice-rps,shippingservice-success_rate,shippingservice-network_receive,shippingservice-network_transmit,shippingservice-p50latency,shippingservice-p90latency,shippingservice-fs_write_bytes,emailservice-cpu,emailservice-mem,emailservice-cpu_cfs,emailservice-rps,emailservice-success_rate,emailservice-network_receive,emailservice-network_transmit,emailservice-p50latency,emailservice-p90latency,emailservice-fs_write_bytes,recommendationservice-cpu,recommendationservice-mem,recommendationservice-cpu_cfs,recommendationservice-rps,recommendationservice-success_rate,recommendationservice-network_receive,recommendationservice-network_transmit,recommendationservice-p50latency,recommendationservice-p90latency,recommendationservice-fs_write_bytes,adservice-cpu,adservice-mem,adservice-cpu_cfs,adservice-rps,adservice-success_rate,adservice-network_receive,adservice-network_transmit,adservice-p50latency,adservice-p90latency,adservice-fs_write_bytes,redis-cart-cpu,redis-cart-mem,redis-cart-cpu_cfs,redis-cart-rps,redis-cart-success_rate,redis-cart-network_receive,redis-cart-network_transmit,redis-cart-p50latency,redis-cart-p90latency,redis-cart-fs_write_bytes,master-cpu,master-mem,master-tcp_retans,worker-01-cpu,worker-01-mem,worker-01-tcp_retans,worker-02-cpu,worker-02-mem,worker-02-tcp_retans,worker-03-cpu,worker-03-mem,worker-03-tcp_retans
2026-05-19 16:22:04,0.001,27054080.0,0.0,0.123,1.0,6.615,5.964,37.5,3750.0,0,0.0,10354688.0,0.0,0,0,2.08,1.681,0,0,0,0.0,14630912.0,0.0,0.292,1.0,3.553,2.007,0.302,3.151,0,0.018,74182656.0,0.081,0.0,0.0,3.438,2.548,7.5,3750.0,0,0.002,50147328.0,0.0,1.042,1.0,4.903,3.832,2.623,4.805,0,0.002,30367744.0,0.008,0,0,3.105,2.142,0,0,0,0.0,10350592.0,0.0,0,0,2.524,2.182,0,0,0,0.001,89432064.0,0.0,0,0,3.321,2.259,0,0,0,0.001,86511616.0,0.0,0.0,0.0,3.024,2.46,37.5,47.5,0,0.01,161263616.0,0.061,0.0,0.0,4.34,3.304,4.333,21.25,0,0.004,15785984.0,0.0,0,0,3.797,2.895,0,0,0,3.86,36.367,0.467,3.753,30.446,0.0,3.533,30.678,0.4,3.107,35.69,0.0
2026-05-19 16:22:09,0.001,17453056.0,0.0,0.145,1.0,9.304,8.49,37.5,3750.0,0,0.0,10457088.0,0.0,0,0,2.501,2.022,0,0,0,0.0,14630912.0,0.0,0.347,1.0,3.481,2.002,0.298,2.846,0,0.021,74682368.0,0.087,0.0,0.0,2.95,2.284,7.5,3750.0,0,0.002,50147328.0,0.0,1.265,1.0,5.108,4.179,2.626,4.796,0,0.003,30367744.0,0.011,0,0,3.105,2.142,0,0,0,0.0,10391552.0,0.0,0,0,2.524,2.182,0,0,0,0.001,89485312.0,0.0,0,0,3.321,2.259,0,0,0,0.001,86511616.0,0.0,0.0,0.0,3.414,2.694,37.5,47.5,0,0.004,161730560.0,0.001,0.0,0.0,2.989,2.106,4.333,21.25,0,0.004,15785984.0,0.0,0,0,3.968,3.071,0,0,0,3.856,35.641,0.133,3.724,30.405,0.0,3.504,30.678,0.4,3.107,35.69,0.0
2026-05-19 16:22:14,0.001,18595840.0,0.0,0.201,1.0,9.304,8.49,21.25,2750.0,0,0.0,10457088.0,0.0,0,0,2.501,2.022,0,0,0,0.0,14630912.0,0.0,0.403,1.0,3.481,2.002,0.318,3.562,0,0.021,74682368.0,0.087,0.151,1.0,3.135,2.526,3.878,2273.306,0,0.002,50290688.0,0.0,1.341,1.0,6.633,5.688,2.161,4.595,0,0.002,30695424.0,0.007,0,0,2.907,2.085,0,0,0,0.0,10391552.0,0.0,0,0,2.629,2.179,0,0,0,0.001,89485312.0,0.0,0,0,3.408,2.199,0,0,0,0.001,86511616.0,0.0,0.031,1.0,3.414,2.694,4.289,40.453,0,0.004,161730560.0,0.001,0.107,1.0,2.989,2.106,3.345,14.803,0,0.004,15785984.0,0.0,0,0,3.968,3.071,0,0,0,3.856,35.641,0.133,3.643,30.405,0.0,3.504,30.678,0.4,3.028,35.703,0.0
2026-05-19 16:22:19,0.001,18595840.0,0.0,0.229,1.0,10.607,9.949,21.25,2750.0,0,0.0,10457088.0,0.0,0,0,2.501,2.022,0,0,0,0.0,14663680.0,0.0,0.642,1.0,3.804,2.19,0.306,3.205,0,0.021,74682368.0,0.087,0.178,1.0,3.135,2.526,3.79,2187.168,0,0.002,50290688.0,0.0,1.541,1.0,6.633,5.688,2.166,4.591,0,0.002,30695424.0,0.007,0,0,2.907,2.085,0,0,0,0.0,10391552.0,0.0,0,0,2.551,2.096,0,0,0,0.001,89485312.0,0.0,0,0,3.073,2.062,0,0,0,0.001,86511616.0,0.0,0.036,1.0,3.309,2.598,4.179,40.388,0,0.004,161730560.0,0.002,0.129,1.0,3.41,2.372,3.327,14.328,0,0.004,15785984.0,0.0,0,0,3.968,3.071,0,0,0,3.868,35.641,0.133,3.643,30.405,0.0,3.481,30.594,0.133,3.028,35.703,0.0
2026-05-19 16:22:24,0.001,18595840.0,0.0,0.257,1.0,11.337,10.799,21.25,2750.0,0,0.0,10584064.0,0.0,0,0,2.757,2.187,0,0,0,0.0,14663680.0,0.0,0.72,1.0,4.53,2.788,0.305,3.101,0,0.023,75350016.0,0.085,0.206,1.0,3.135,2.526,3.728,2113.3,0,0.002,50290688.0,0.0,1.741,1.0,9.081,7.999,2.169,4.588,0,0.0,30855168.0,0.0,0,0,2.918,2.128,0,0,0,0.0,10424320.0,0.0,0,0,2.551,2.096,0,0,0,0.001,89485312.0,0.0,0,0,3.073,2.062,0,0,0,0.001,86519808.0,0.0,0.042,1.0,3.45,2.709,4.102,40.34,0,0.004,161730560.0,0.002,0.151,1.0,3.41,2.372,3.314,13.953,0,0.004,15785984.0,0.0,0,0,3.648,2.825,0,0,0,3.9,35.557,0.067,3.586,30.478,0.0,3.572,30.594,0.133,3.028,35.703,0.0
2026-05-19 16:22:29,0.001,18685952.0,0.0,0.251,1.0,11.337,10.799,20.227,1750.0,0,0.0,10584064.0,0.0,0,0,2.735,2.173,0,0,0,0.0,14663680.0,0.0,0.814,1.0,4.53,2.788,0.316,3.353,0,0.023,75350016.0,0.085,0.234,1.0,3.498,2.942,3.467,1447.71,0,0.002,50290688.0,0.0,1.659,1.0,9.081,7.999,2.263,4.576,0,0.0,30855168.0,0.0,0,0,2.903,2.228,0,0,0,0.0,10424320.0,0.0,0,0,2.551,2.096,0,0,0,0.001,89485312.0,0.0,0,0,2.668,1.911,0,0,0,0.001,86519808.0,0.0,0.114,1.0,4.488,3.282,3.338,19.278,0,0.003,161730560.0,0.001,0.195,1.0,3.622,2.577,3.196,4.953,0,0.004,15785984.0,0.0,0,0,3.303,2.561,0,0,0,3.9,35.557,0.067,3.653,30.478,0.0,3.572,30.594,0.133,3.207,35.432,0.0
2026-05-19 16:22:34,0.001,18685952.0,0.0,0.275,1.0,13.637,13.134,20.227,1750.0,0,0.0,10584064.0,0.0,0,0,2.735,2.173,0,0,0,0.0,14745600.0,0.0,1.145,1.0,4.53,2.788,0.297,2.623,0,0.023,75350016.0,0.085,0.262,1.0,3.498,2.942,3.44,1345.419,0,0.002,51179520.0,0.0,1.829,1.0,7.242,6.396,2.264,4.574,0,0.0,30855168.0,0.0,0,0,2.903,2.228,0,0,0,0.0,10424320.0,0.0,0,0,2.499,2.089,0,0,0,0.001,89485312.0,0.0,0,0,2.668,1.911,0,0,0,0.001,86519808.0,0.0,0.128,1.0,4.488,3.282,3.317,18.528,0,0.003,161730560.0,0.0,0.22,1.0,3.622,2.577,3.19,4.943,0,0.004,15785984.0,0.0,0,0,3.097,2.329,0,0,0,3.825,35.557,0.067,3.653,30.478,0.0,3.471,30.649,0.0,3.207,35.432,0.0
2026-05-19 16:22:39,0.001,18685952.0,0.0,0.289,1.0,13.637,13.134,20.227,1750.0,0,0.0,10584064.0,0.0,0,0,2.584,2.072,0,0,0,0.0,14745600.0,0.0,1.244,1.0,3.992,2.718,0.296,2.59,0,0.008,75350016.0,0.006,0.315,1.0,3.498,2.942,3.451,1556.467,0,0.002,51179520.0,0.0,2.0,1.0,7.242,6.396,2.265,4.572,0,0.0,30990336.0,0.0,0,0,2.471,1.896,0,0,0,0.0,10477568.0,0.0,0,0,2.624,2.127,0,0,0,0.001,89485312.0,0.0,0,0,1.76,1.504,0,0,0,0.001,86540288.0,0.0,0.142,1.0,4.781,3.331,3.3,17.778,0,0.004,162234368.0,0.0,0.245,1.0,3.788,2.73,3.186,4.934,0,0.004,15785984.0,0.0,0,0,3.097,2.329,0,0,0,3.69,35.588,0.067,3.643,30.432,0.0,3.274,30.649,0.0,3.207,35.432,0.0
2026-05-19 16:22:44,0.001,18685952.0,0.0,1.038,1.0,14.765,13.888,20.673,49.576,0,0.0,11370496.0,0.0,0,0,2.598,2.054,0,0,0,0.0,14745600.0,0.0,1.244,1.0,3.992,2.718,0.314,3.161,0,0.007,75350016.0,0.005,0.311,1.0,2.769,2.251,3.864,9.674,0,0.002,51179520.0,0.0,2.444,1.0,6.602,5.894,2.393,4.838,0,0.0,30990336.0,0.0,0,0,2.574,2.072,0,0,0,0.0,10477568.0,0.0,0,0,2.624,2.127,0,0,0,0.001,89485312.0,0.0,0,0,2.044,1.655,0,0,0,0.001,86540288.0,0.0,0.183,1.0,3.907,2.722,3.3,8.485,0,0.004,162234368.0,0.0,0.652,1.0,3.788,2.73,3.228,10.316,0,0.004,15781888.0,0.0,0,0,3.097,2.329,0,0,0,3.69,35.588,0.067,3.556,30.432,0.0,3.274,30.649,0.0,3.206,35.308,0.0
2026-05-19 16:22:49,0.003,20217856.0,0.0,1.141,1.0,14.765,13.888,19.748,40.024,0,0.0,11370496.0,0.0,0,0,2.598,2.054,0,0,0,0.0,14745600.0,0.0,5.52,1.0,3.992,2.718,0.3,2.687,0,0.014,81739776.0,0.033,0.311,1.0,2.769,2.251,3.761,8.966,0,0.007,51535872.0,0.027,2.444,1.0,6.602,5.894,2.393,4.838,0,0.0,30990336.0,0.0,0,0,2.574,2.072,0,0,0,0.0,10539008.0,0.0,0,0,2.584,1.981,0,0,0,0.001,89485312.0,0.0,0,0,2.442,1.977,0,0,0,0.001,86540288.0,0.0,0.2,1.0,5.45,4.475,3.281,7.64,0,0.003,162234368.0,0.0,0.711,1.0,5.44,3.917,3.047,4.684,0,0.004,15781888.0,0.0,0,0,4.922,3.409,0,0,0,3.76,35.588,0.067,3.556,30.432,0.0,3.439,30.772,0.067,3.206,35.308,0.0
2026-05-19 16:22:54,0.004,20217856.0,0.0,1.244,1.0,15.095,14.264,19.375,37.5,0,0.0,11370496.0,0.0,0,0,2.678,2.093,0,0,0,0.0,14745600.0,0.0,6.055,1.0,13.277,9.593,0.299,2.566,0,0.015,81739776.0,0.044,0.311,1.0,5.939,5.817,3.56,7.713,0,0.007,51535872.0,0.027,2.444,1.0,2.857,2.554,2.393,4.838,0,0.0,31272960.0,0.0,0,0,2.574,2.072,0,0,0,0.0,10539008.0,0.0,0,0,2.584,1.981,0,0,0,0.001,89485312.0,0.0,0,0,2.442,1.977,0,0,0,0.003,87040000.0,0.0,0.2,1.0,5.909,4.973,3.184,4.931,0,0.003,162234368.0,0.0,0.711,1.0,5.44,3.917,3.0,4.6,0,0.004,15781888.0,0.0,0,0,4.401,2.869,0,0,0,3.881,35.568,0.067,3.606,30.379,0.0,3.803,30.772,0.067,3.206,35.308,0.0
2026-05-19 16:22:59,0.004,20217856.0,0.0,2.728,1.0,15.095,14.264,22.714,251.98,0,0.0,11575296.0,0.0,0,0,2.486,1.922,0,0,0,0.0,14745600.0,0.0,6.422,1.0,13.277,9.593,0.347,3.594,0,0.015,81739776.0,0.044,2.392,1.0,7.377,7.215,3.347,8.18,0,0.014,54792192.0,0.028,13.283,1.0,2.543,2.274,2.319,7.855,0,0.0,31272960.0,0.0,0,0,2.511,1.94,0,0,0,0.0,10539008.0,0.0,0,0,2.429,1.861,0,0,0,0.001,89485312.0,0.0,0,0,2.442,1.977,0,0,0,0.003,87040000.0,0.0,1.329,1.0,5.909,4.973,3.642,8.515,0,0.003,162234368.0,0.0,2.616,1.0,8.086,5.275,3.266,6.131,0,0.004,15781888.0,0.0,0,0,4.941,3.221,0,0,0,3.881,35.568,0.067,3.765,30.379,0.0,3.803,30.772,0.067,3.196,35.332,0.0
2026-05-19 16:23:04,0.01,20250624.0,0.0,3.008,1.0,61.505,65.145,22.725,249.579,0,0.0,11575296.0,0.0,0,0,2.486,1.922,0,0,0,0.003,16719872.0,0.0,13.749,1.0,13.277,9.593,0.307,2.869,0,0.022,82800640.0,0.067,2.618,1.0,10.423,10.148,3.344,8.108,0,0.014,54792192.0,0.028,14.546,1.0,32.794,32.649,2.334,7.932,0,0.0,31272960.0,0.0,0,0,2.511,1.94,0,0,0,0.0,11259904.0,0.0,0,0,2.0,1.533,0,0,0,0.001,89485312.0,0.0,0,0,1.985,1.65,0,0,0,0.004,87040000.0,0.0,1.458,1.0,8.599,7.718,3.64,8.493,0,0.003,162234368.0,0.0,2.879,1.0,8.086,5.275,3.265,6.082,0,0.003,15781888.0,0.0,0,0,8.04,4.745,0,0,0,3.951,35.568,0.067,3.765,30.379,0.0,4.169,30.822,0.0,3.196,35.332,0.0
2026-05-19 16:23:09,0.01,20250624.0,0.0,3.287,1.0,85.709,87.303,22.733,246.9,0,0.0,11575296.0,0.0,0,0,1.868,1.409,0,0,0,0.004,16719872.0,0.0,15.097,1.0,17.866,13.003,0.307,2.843,0,0.027,82800640.0,0.088,2.711,1.0,10.959,10.981,3.323,7.694,0,0.019,56606720.0,0.023,15.156,1.0,32.794,32.649,2.396,8.671,0,0.0,31408128.0,0.0,0,0,2.56,1.993,0,0,0,0.0,11259904.0,0.0,0,0,2.408,1.958,0,0,0,0.0,89489408.0,0.0,0,0,1.774,1.474,0,0,0,0.004,87040000.0,0.0,1.556,1.0,10.169,9.696,3.629,8.369,0,0.033,166928384.0,0.032,3.142,1.0,8.697,5.497,3.263,6.043,0,0.004,15790080.0,0.0,0,0,9.486,5.598,0,0,0,4.008,35.362,0.0,3.926,30.408,0.0,4.396,30.822,0.0,3.196,35.332,0.0
2026-05-19 16:23:14,0.014,20295680.0,0.0,4.402,1.0,101.917,108.7,19.945,80.761,0,0.0,11575296.0,0.0,0,0,2.516,1.981,0,0,0,0.004,16719872.0,0.0,16.178,1.0,27.715,19.663,0.304,2.764,0,0.027,82800640.0,0.088,4.276,1.0,13.286,13.313,3.171,4.976,0,0.023,56606720.0,0.028,24.252,1.0,58.371,58.205,1.231,4.754,0,0.0,31408128.0,0.0,0,0,2.461,1.914,0,0,0,0.0,11259904.0,0.0,0,0,2.424,1.905,0,0,0,0.001,89489408.0,0.0,0,0,1.562,1.298,0,0,0,0.006,87031808.0,0.0,2.358,1.0,10.169,9.696,3.361,7.031,0,0.033,166928384.0,0.032,4.373,1.0,12.772,7.681,3.144,4.858,0,0.004,15790080.0,0.0,0,0,9.486,5.598,0,0,0,4.008,35.362,0.0,3.989,30.408,0.0,4.396,30.822,0.0,2.964,35.371,0.0
2026-05-19 16:23:19,0.015,20295680.0,0.0,4.861,1.0,101.917,109.755,19.943,80.57,0,0.0,11534336.0,0.0,0,0,2.516,1.981,0,0,0,0.005,16871424.0,0.0,21.025,1.0,27.715,19.663,0.296,2.456,0,0.02,83386368.0,0.058,4.684,1.0,11.268,11.291,3.169,4.973,0,0.028,56606720.0,0.035,26.63,1.0,58.371,58.205,1.223,4.757,0,0.0,31408128.0,0.0,0,0,2.461,1.914,0,0,0,0.0,11366400.0,0.0,0,0,2.424,1.905,0,0,0,0.001,89489408.0,0.0,0,0,2.711,2.169,0,0,0,0.006,87031808.0,0.0,2.584,1.0,10.169,9.696,3.362,7.026,0,0.033,166928384.0,0.032,4.816,1.0,12.772,7.681,3.143,4.857,0,0.004,15790080.0,0.0,0,0,11.345,6.501,0,0,0,4.022,35.362,0.0,3.989,30.408,0.0,4.674,30.078,0.0,2.964,35.371,0.0
2026-05-19 16:23:24,0.015,20295680.0,0.0,5.321,1.0,125.958,137.275,19.942,80.414,0,0.0,11534336.0,0.0,0,0,2.516,1.981,0,0,0,0.006,16871424.0,0.0,23.071,1.0,38.655,27.441,0.296,2.411,0,0.016,83386368.0,0.042,4.889,1.0,16.918,16.779,3.159,4.956,0,0.032,58613760.0,0.028,28.533,1.0,58.371,58.205,1.214,4.769,0,0.0,30941184.0,0.0,0,0,1.65,1.225,0,0,0,0.0,11366400.0,0.0,0,0,2.471,1.993,0,0,0,0.0,89489408.0,0.0,0,0,2.711,2.169,0,0,0,0.009,87031808.0,0.0,2.711,1.0,11.528,11.02,3.361,6.974,0,0.031,167817216.0,0.023,5.258,1.0,12.772,7.681,3.142,4.855,0,0.004,15925248.0,0.0,0,0,13.776,7.809,0,0,0,4.083,35.269,0.0,4.11,30.511,0.4,5.092,30.078,0.0,2.964,35.371,0.0
2026-05-19 16:23:29,0.021,20455424.0,0.0,6.525,1.0,119.704,125.088,18.955,46.016,0,0.0,11534336.0,0.0,0,0,2.487,2.048,0,0,0,0.006,16855040.0,0.0,24.556,1.0,38.655,27.441,0.294,2.318,0,0.021,83386368.0,0.054,6.456,1.0,21.386,21.363,3.085,4.835,0,0.032,58613760.0,0.028,37.339,1.0,68.589,68.084,0.431,4.427,0,0.0,30941184.0,0.0,0,0,1.848,1.372,0,0,0,0.0,11366400.0,0.0,0,0,2.471,1.993,0,0,0,0.001,89489408.0,0.0,0,0,2.789,2.304,0,0,0,0.007,87031808.0,0.0,3.442,1.0,14.191,13.519,3.248,5.551,0,0.031,167817216.0,0.023,6.482,1.0,14.719,8.478,3.093,4.767,0,0.004,15925248.0,0.0,0,0,13.776,7.809,0,0,0,4.083,35.269,0.0,4.285,30.511,0.4,5.092,30.078,0.0,3.092,35.442,0.0
2026-05-19 16:23:34,0.024,20455424.0,0.0,7.132,1.0,163.569,177.441,18.947,45.956,0,0.0,11649024.0,0.0,0,0,2.487,2.048,0,0,0,0.005,16855040.0,0.0,29.373,1.0,41.69,29.647,0.29,2.113,0,0.017,84094976.0,0.038,7.077,1.0,21.386,21.363,3.081,4.828,0,0.036,58613760.0,0.005,40.987,1.0,59.148,58.441,0.43,4.424,0,0.0,30941184.0,0.0,0,0,2.262,1.836,0,0,0,0.0,11366400.0,0.0,0,0,2.464,2.149,0,0,0,0.001,89489408.0,0.0,0,0,2.789,2.304,0,0,0,0.006,87031808.0,0.0,3.77,1.0,14.191,13.519,3.248,5.546,0,0.031,167817216.0,0.023,7.109,1.0,17.32,9.976,3.092,4.766,0,0.005,15794176.0,0.0,0,0,17.072,9.348,0,0,0,4.025,35.269,0.0,4.285,30.511,0.4,5.282,29.875,0.0,3.092,35.442,0.0
2026-05-19 16:23:39,0.024,20455424.0,0.0,7.289,1.0,163.569,179.243,18.94,45.906,0,0.0,11649024.0,0.0,0,0,2.487,2.048,0,0,0,0.005,16855040.0,0.0,29.844,1.0,44.378,31.319,0.289,2.046,0,0.017,84094976.0,0.038,7.444,1.0,22.057,21.965,3.072,4.812,0,0.034,60370944.0,0.004,43.778,1.0,66.694,65.896,0.429,4.424,0,0.0,30941184.0,0.0,0,0,2.262,1.836,0,0,0,0.0,11489280.0,0.0,0,0,2.336,1.98,0,0,0,0.001,89489408.0,0.0,0,0,2.455,2.0,0,0,0,0.008,87023616.0,0.0,3.933,1.0,14.185,13.585,3.249,5.542,0,0.019,168747008.0,0.014,7.533,1.0,17.32,9.976,3.092,4.765,0,0.005,15794176.0,0.0,0,0,17.072,9.348,0,0,0,3.907,35.299,0.067,4.282,30.486,0.067,5.218,29.875,0.0,3.092,35.442,0.0
2026-05-19 16:23:44,0.025,20979712.0,0.0,7.422,1.0,141.129,155.42,18.097,24.575,0,0.0,11649024.0,0.0,0,0,2.555,2.126,0,0,0,0.005,16855040.0,0.0,29.844,1.0,44.378,31.319,0.277,0.499,0,0.017,84094976.0,0.038,7.356,1.0,23.629,23.127,2.952,4.62,0,0.034,60370944.0,0.004,45.2,1.0,72.347,71.442,0.372,3.837,0,0.0,30941184.0,0.0,0,0,2.262,1.955,0,0,0,0.0,11489280.0,0.0,0,0,2.336,1.98,0,0,0,0.001,89489408.0,0.0,0,0,1.091,0.853,0,0,0,0.008,87023616.0,0.0,3.711,1.0,14.185,13.585,3.055,4.699,0,0.022,168747008.0,0.016,7.378,1.0,17.32,9.976,3.018,4.633,0,0.003,15794176.0,0.0,0,0,17.072,9.348,0,0,0,3.907,35.299,0.067,4.182,30.486,0.067,5.218,29.875,0.0,3.118,35.157,0.0
2026-05-19 16:23:49,0.025,20979712.0,0.0,7.422,1.0,165.811,182.601,17.614,23.705,0,0.0,11649024.0,0.0,0,0,2.555,2.126,0,0,0,0.007,16871424.0,0.0,29.0,1.0,44.378,31.319,0.277,0.498,0,0.006,84094976.0,0.0,7.356,1.0,23.629,23.127,2.945,4.619,0,0.035,60370944.0,0.005,45.2,1.0,87.734,86.636,0.341,3.51,0,0.0,31219712.0,0.0,0,0,2.221,1.884,0,0,0,0.0,11571200.0,0.0,0,0,2.312,1.895,0,0,0,0.001,89489408.0,0.0,0,0,1.244,0.972,0,0,0,0.008,87023616.0,0.0,3.711,1.0,14.211,13.699,3.055,4.699,0,0.022,168804352.0,0.016,7.378,1.0,14.068,8.064,3.018,4.633,0,0.004,15798272.0,0.0,0,0,14.871,8.191,0,0,0,3.828,35.299,0.067,4.182,30.486,0.067,5.146,29.968,0.0,3.118,35.157,0.0
2026-05-19 16:23:54,0.025,20619264.0,0.0,7.422,1.0,165.811,182.601,17.614,23.705,0,0.0,11776000.0,0.0,0,0,2.555,2.126,0,0,0,0.007,16871424.0,0.0,29.0,1.0,44.823,31.776,0.277,0.498,0,0.005,84094976.0,0.0,7.356,1.0,23.684,23.343,2.94,4.618,0,0.028,60370944.0,0.004,45.2,1.0,87.734,86.636,0.33,3.359,0,0.0,31219712.0,0.0,0,0,2.221,1.884,0,0,0,0.0,11571200.0,0.0,0,0,1.918,1.572,0,0,0,0.001,89489408.0,0.0,0,0,1.729,1.383,0,0,0,0.008,87023616.0,0.0,3.711,1.0,14.211,13.699,3.055,4.699,0,0.027,168804352.0,0.02,7.378,1.0,16.946,9.671,3.018,4.633,0,0.004,15798272.0,0.0,0,0,17.16,9.489,0,0,0,3.776,35.338,0.0,4.099,30.48,0.067,5.196,29.968,0.0,3.118,35.157,0.0
2026-05-19 16:23:59,0.025,20619264.0,0.0,7.756,1.0,166.937,183.695,17.654,23.777,0,0.0,11776000.0,0.0,0,0,2.449,1.987,0,0,0,0.007,17006592.0,0.0,29.0,1.0,44.823,31.776,0.276,0.497,0,0.006,85078016.0,0.0,7.556,1.0,23.684,23.343,2.909,4.582,0,0.03,62402560.0,0.003,46.8,1.0,75.12,74.179,0.314,3.034,0,0.0,31354880.0,0.0,0,0,2.072,1.794,0,0,0,0.0,11730944.0,0.0,0,0,1.726,1.414,0,0,0,0.001,89489408.0,0.0,0,0,2.291,1.833,0,0,0,0.008,87023616.0,0.0,3.667,1.0,11.359,10.95,3.043,4.677,0,0.027,168804352.0,0.02,7.756,1.0,17.216,9.87,3.033,4.663,0,0.004,15798272.0,0.0,0,0,17.16,9.489,0,0,0,3.776,35.338,0.0,4.139,30.48,0.067,5.196,29.968,0.0,3.069,35.227,0.0
2026-05-19 16:24:04,0.026,20619264.0,0.0,7.756,1.0,172.864,190.114,17.654,23.777,0,0.0,11776000.0,0.0,0,0,2.449,1.987,0,0,0,0.007,27062272.0,0.0,30.689,1.0,44.823,31.776,0.275,0.496,0,0.007,85078016.0,0.0,7.556,1.0,18.996,18.783,2.909,4.582,0,0.03,62402560.0,0.003,46.8,1.0,85.758,84.255,0.312,2.998,0,0.0,31354880.0,0.0,0,0,2.534,2.215,0,0,0,0.0,11730944.0,0.0,0,0,1.533,1.256,0,0,0,0.001,89489408.0,0.0,0,0,2.597,2.104,0,0,0,0.008,87023616.0,0.0,3.667,1.0,7.633,7.4,3.043,4.677,0,0.027,168820736.0,0.022,7.756,1.0,17.671,10.202,3.033,4.663,0,0.005,15798272.0,0.0,0,0,17.034,9.484,0,0,0,3.856,35.338,0.0,4.139,30.48,0.067,5.187,29.958,0.4,3.069,35.227,0.0
2026-05-19 16:24:09,0.022,20619264.0,0.0,7.756,1.0,172.864,190.114,17.654,23.777,0,0.0,11776000.0,0.0,0,0,2.449,1.987,0,0,0,0.007,27062272.0,0.0,30.689,1.0,44.823,31.776,0.275,0.496,0,0.007,85078016.0,0.0,7.556,1.0,24.214,23.833,2.909,4.582,0,0.026,62402560.0,0.0,46.8,1.0,85.758,84.255,0.312,2.998,0,0.0,31354880.0,0.0,0,0,2.173,1.866,0,0,0,0.0,11730944.0,0.0,0,0,2.884,2.336,0,0,0,0.0,89489408.0,0.0,0,0,2.597,2.104,0,0,0,0.008,87040000.0,0.0,3.667,1.0,14.908,14.086,3.043,4.677,0,0.027,168820736.0,0.028,7.756,1.0,17.671,10.202,3.033,4.663,0,0.005,15798272.0,0.0,0,0,17.034,9.484,0,0,0,3.956,35.283,0.2,4.5,30.833,0.067,5.072,29.958,0.4,3.069,35.227,0.0
2026-05-19 16:24:14,0.024,21200896.0,0.0,6.911,1.0,154.654,168.088,18.411,41.25,0,0.0,11829248.0,0.0,0,0,3.672,2.84,0,0,0,0.006,27062272.0,0.0,30.689,1.0,42.07,31.41,0.285,1.984,0,0.006,85491712.0,0.0,7.244,1.0,24.214,23.833,2.891,4.578,0,0.023,63946752.0,0.0,42.222,1.0,80.692,79.165,0.313,3.009,0,0.0,31608832.0,0.0,0,0,2.417,2.075,0,0,0,0.0,11730944.0,0.0,0,0,2.884,2.336,0,0,0,0.001,89489408.0,0.0,0,0,2.597,2.104,0,0,0,0.008,87040000.0,0.0,3.6,1.0,14.908,14.086,3.209,4.977,0,0.024,169144320.0,0.024,7.111,1.0,16.883,9.712,3.034,4.669,0,0.005,15798272.0,0.0,0,0,17.034,9.484,0,0,0,3.956,35.283,0.2,4.85,30.833,0.067,5.072,29.958,0.4,3.094,35.284,0.0
2026-05-19 16:24:19,0.024,21200896.0,0.0,6.911,1.0,154.654,168.088,18.411,41.25,0,0.0,11829248.0,0.0,0,0,3.672,2.84,0,0,0,0.005,27062272.0,0.0,24.367,1.0,42.034,32.04,0.29,2.459,0,0.006,85491712.0,0.0,7.244,1.0,24.214,23.833,2.891,4.578,0,0.023,63946752.0,0.0,42.222,1.0,80.692,79.165,0.313,3.009,0,0.0,31608832.0,0.0,0,0,2.922,2.509,0,0,0,0.0,11862016.0,0.0,0,0,2.884,2.336,0,0,0,0.001,89489408.0,0.0,0,0,3.061,2.511,0,0,0,0.008,87252992.0,0.0,3.6,1.0,15.127,14.27,3.209,4.977,0,0.024,169144320.0,0.024,7.111,1.0,16.883,9.712,3.033,4.669,0,0.004,15798272.0,0.0,0,0,12.174,6.771,0,0,0,4.025,35.283,0.2,4.85,30.833,0.067,4.988,29.682,0.133,3.094,35.284,0.0
2026-05-19 16:24:24,0.022,21008384.0,0.0,6.911,1.0,154.654,168.088,18.411,41.25,0,0.0,11829248.0,0.0,0,0,3.672,2.84,0,0,0,0.068,24698880.0,0.563,21.867,1.0,36.797,28.027,0.292,2.64,0,0.006,85491712.0,0.0,7.244,1.0,19.586,19.271,2.891,4.578,0,0.02,63975424.0,0.0,42.222,1.0,72.312,71.201,0.313,3.009,0,0.0,31608832.0,0.0,0,0,2.318,1.991,0,0,0,0.0,11862016.0,0.0,0,0,3.085,2.564,0,0,0,0.0,89489408.0,0.0,0,0,3.705,3.018,0,0,0,0.008,87252992.0,0.0,3.6,1.0,15.527,14.493,3.209,4.977,0,0.018,169144320.0,0.015,7.111,1.0,15.644,9.394,3.033,4.669,0,0.004,15790080.0,0.0,0,0,16.037,9.184,0,0,0,4.087,35.303,0.267,5.282,30.886,0.0,4.989,29.682,0.133,3.094,35.284,0.0
2026-05-19 16:24:29,0.021,21008384.0,0.0,6.378,1.0,145.214,156.283,22.832,1860.377,0,0.0,11829248.0,0.0,0,0,3.849,2.976,0,0,0,0.081,24698880.0,0.696,29.106,1.0,38.44,30.728,0.388,478.468,0,0.006,85872640.0,0.0,6.733,1.0,17.583,17.301,2.862,4.572,0,0.02,63975424.0,0.0,37.622,1.0,68.266,67.162,0.34,3.49,0,0.0,31744000.0,0.0,0,0,2.851,2.621,0,0,0,0.0,11862016.0,0.0,0,0,3.085,2.564,0,0,0,0.001,89489408.0,0.0,0,0,3.705,3.018,0,0,0,0.008,87252992.0,0.0,3.556,1.0,15.527,14.493,4.289,887.391,0,0.022,169783296.0,0.023,6.422,1.0,11.064,6.98,2.989,4.631,0,0.004,15790080.0,0.0,0,0,16.037,9.184,0,0,0,4.087,35.303,0.267,5.768,30.886,0.0,4.989,29.682,0.133,3.335,34.991,0.0
2026-05-19 16:24:34,0.021,21008384.0,0.0,6.378,1.0,140.266,150.123,22.832,1860.377,0,0.0,11829248.0,0.0,0,0,3.849,2.976,0,0,0,0.096,24698880.0,0.829,29.951,1.0,19.285,17.882,0.402,520.522,0,0.003,85872640.0,0.0,6.733,1.0,20.665,20.302,2.862,4.572,0,0.02,63975424.0,0.0,37.622,1.0,68.266,67.162,0.34,3.49,0,0.0,31744000.0,0.0,0,0,3.107,2.94,0,0,0,0.0,11862016.0,0.0,0,0,3.085,2.564,0,0,0,0.001,89489408.0,0.0,0,0,3.358,2.724,0,0,0,0.008,87199744.0,0.0,3.556,1.0,15.468,14.726,4.289,887.391,0,0.022,169783296.0,0.023,6.422,1.0,11.012,6.89,2.985,4.63,0,0.004,15790080.0,0.0,0,0,16.07,9.41,0,0,0,4.118,35.303,0.267,5.768,30.886,0.0,4.854,29.571,0.0,3.335,34.991,0.0
2026-05-19 16:24:39,0.021,21008384.0,0.0,6.378,1.0,140.266,150.123,22.832,1860.377,0,0.0,12062720.0,0.0,0,0,3.849,2.976,0,0,0,0.11,24698880.0,0.962,29.462,1.0,17.683,16.396,0.422,570.51,0,0.004,86192128.0,0.0,6.733,1.0,19.478,19.027,2.862,4.572,0,0.015,62115840.0,0.004,37.622,1.0,68.266,67.162,0.34,3.49,0,0.0,31744000.0,0.0,0,0,3.107,2.94,0,0,0,0.0,11948032.0,0.0,0,0,1.744,1.501,0,0,0,0.001,89489408.0,0.0,0,0,3.546,2.874,0,0,0,0.005,87199744.0,0.0,3.556,1.0,10.797,10.484,4.289,887.391,0,0.021,169783296.0,0.026,6.422,1.0,13.929,8.715,2.982,4.63,0,0.004,15794176.0,0.0,0,0,14.691,8.513,0,0,0,4.126,35.312,0.067,6.196,30.897,0.0,4.64,29.571,0.0,3.335,34.991,0.0
2026-05-19 16:24:44,0.019,21487616.0,0.0,5.733,1.0,100.134,105.278,830.275,2316.25,0,0.0,12062720.0,0.0,0,0,3.774,2.93,0,0,0,0.081,24698880.0,0.701,28.282,1.0,22.763,21.194,3.301,722.716,0,0.004,86192128.0,0.0,6.222,1.0,19.478,19.027,2.848,4.57,0,0.017,62115840.0,0.004,33.244,1.0,58.001,57.6,0.373,3.784,0,0.0,31391744.0,0.0,0,0,3.107,2.94,0,0,0,0.0,11948032.0,0.0,0,0,2.148,1.744,0,0,0,0.001,89489408.0,0.0,0,0,3.546,2.874,0,0,0,0.005,87199744.0,0.0,3.333,1.0,11.559,11.209,656.25,955.25,0,0.023,170151936.0,0.035,5.844,1.0,13.929,8.715,2.959,4.592,0,0.004,15794176.0,0.0,0,0,14.691,8.513,0,0,0,4.126,35.312,0.067,6.521,30.897,0.0,4.64,29.571,0.0,3.39,34.875,0.4
2026-05-19 16:24:49,0.019,21487616.0,0.0,5.733,1.0,120.517,126.511,830.275,2316.25,0,0.0,12062720.0,0.0,0,0,3.774,2.93,0,0,0,0.078,24698880.0,0.701,17.675,1.0,25.364,23.617,131.006,794.529,0,0.005,86192128.0,0.0,6.222,1.0,18.472,18.077,2.848,4.57,0,0.017,62115840.0,0.004,33.244,1.0,55.226,54.31,0.373,3.784,0,0.0,31391744.0,0.0,0,0,2.454,2.307,0,0,0,0.0,11948032.0,0.0,0,0,2.869,2.329,0,0,0,0.001,89489408.0,0.0,0,0,3.013,2.442,0,0,0,0.005,87199744.0,0.0,3.333,1.0,12.817,12.428,656.25,955.25,0,0.022,170151936.0,0.036,5.844,1.0,13.334,8.294,2.955,4.591,0,0.004,15794176.0,0.0,0,0,14.379,8.293,0,0,0,4.04,35.312,0.067,6.521,30.897,0.0,4.532,29.56,0.067,3.39,34.875,0.4
2026-05-19 16:24:54,0.017,21487616.0,0.0,5.733,1.0,120.517,126.511,830.275,2316.25,0,0.0,12062720.0,0.0,0,0,3.774,2.93,0,0,0,0.163,25337856.0,1.472,19.753,1.0,27.965,26.039,136.811,796.194,0,0.004,86192128.0,0.0,6.222,1.0,16.224,15.917,2.848,4.57,0,0.017,63700992.0,0.003,33.244,1.0,55.226,54.31,0.373,3.784,0,0.0,31391744.0,0.0,0,0,2.454,2.307,0,0,0,0.0,11948032.0,0.0,0,0,2.869,2.329,0,0,0,0.001,89489408.0,0.0,0,0,3.095,2.48,0,0,0,0.008,87195648.0,0.0,3.333,1.0,15.094,14.636,656.25,955.25,0,0.022,170151936.0,0.036,5.844,1.0,11.816,7.504,2.951,4.59,0,0.004,15790080.0,0.0,0,0,7.879,4.438,0,0,0,3.931,35.317,0.067,6.549,30.935,0.0,4.453,29.56,0.067,3.39,34.875,0.4
2026-05-19 16:24:59,0.017,21618688.0,0.0,5.844,1.0,112.719,117.012,994.318,2470.0,0,0.0,12488704.0,0.0,0,0,2.444,1.884,0,0,0,0.179,25337856.0,1.616,21.601,1.0,30.566,28.462,235.441,839.812,0,0.003,86192128.0,0.0,5.778,1.0,16.224,15.917,2.816,4.563,0,0.017,63700992.0,0.004,33.111,1.0,55.632,54.669,0.396,3.914,0,0.0,31391744.0,0.0,0,0,2.454,2.307,0,0,0,0.0,12091392.0,0.0,0,0,2.831,2.313,0,0,0,0.001,89489408.0,0.0,0,0,3.095,2.48,0,0,0,0.008,43675648.0,0.0,3.133,1.0,12.939,12.546,767.308,981.154,0,0.02,84443136.0,0.033,5.644,1.0,11.816,7.504,2.918,4.596,0,0.004,15790080.0,0.0,0,0,8.912,5.02,0,0,0,3.931,35.317,0.067,6.617,30.935,0.0,4.453,29.56,0.067,3.265,34.86,0.067
2026-05-19 16:25:04,0.017,21618688.0,0.0,5.844,1.0,114.549,119.033,994.318,2470.0,0,0.0,12488704.0,0.0,0,0,2.444,1.884,0,0,0,0.196,25337856.0,1.774,23.654,1.0,27.248,26.258,235.411,839.788,0,0.005,41943040.0,0.0,5.778,1.0,16.193,15.876,2.816,4.563,0,0.015,29921280.0,0.004,33.111,1.0,54.286,53.004,0.396,3.914,0,0.0,31645696.0,0.0,0,0,1.033,0.833,0,0,0,0.0,12091392.0,0.0,0,0,2.831,2.313,0,0,0,0.001,44736512.0,0.0,0,0,2.226,1.769,0,0,0,0.008,43675648.0,0.0,3.133,1.0,14.95,14.54,767.308,981.154,0,0.022,84443136.0,0.038,5.644,1.0,9.318,5.754,2.909,4.595,0,0.004,8916992.0,0.0,0,0,10.115,5.771,0,0,0,3.862,35.317,0.067,6.617,30.935,0.0,4.319,29.692,0.0,3.265,34.86,0.067
2026-05-19 16:25:09,0.017,10612736.0,0.0,5.844,1.0,114.549,119.033,994.318,2470.0,0,0.0,12488704.0,0.0,0,0,2.444,1.884,0,0,0,0.199,16789504.0,1.797,24.644,1.0,27.248,26.258,235.384,839.766,0,0.005,41943040.0,0.0,5.778,1.0,12.925,12.68,2.816,4.563,0,0.017,28164096.0,0.003,33.111,1.0,54.286,53.004,0.396,3.914,0,0.0,15380480.0,0.0,0,0,1.033,0.833,0,0,0,0.0,12091392.0,0.0,0,0,2.905,2.318,0,0,0,0.001,44736512.0,0.0,0,0,2.415,1.968,0,0,0,0.008,43593728.0,0.0,3.133,1.0,14.687,14.436,767.308,981.154,0,0.022,84443136.0,0.038,5.644,1.0,11.107,6.859,2.9,4.593,0,0.003,8916992.0,0.0,0,0,12.54,7.154,0,0,0,3.825,35.35,0.0,6.625,30.919,0.0,4.179,29.692,0.0,3.265,34.86,0.067
2026-05-19 16:25:14,0.017,10010624.0,0.0,6.067,1.0,116.125,121.336,992.308,3000.0,0,0.0,5902336.0,0.0,0,0,2.352,1.834,0,0,0,0.199,16875520.0,1.787,23.756,1.0,26.729,25.718,273.942,847.459,0,0.005,42528768.0,0.0,5.756,1.0,16.258,15.967,2.839,4.581,0,0.016,28164096.0,0.004,34.067,1.0,54.602,53.163,0.399,3.928,0,0.0,15380480.0,0.0,0,0,1.257,1.014,0,0,0,0.0,5681152.0,0.0,0,0,2.527,2.06,0,0,0,0.001,44736512.0,0.0,0,0,2.415,1.968,0,0,0,0.008,43593728.0,0.0,3.067,1.0,14.687,14.436,769.608,985.294,0,0.019,89698304.0,0.036,5.8,1.0,11.107,6.859,2.874,4.588,0,0.004,8921088.0,0.0,0,0,12.533,7.08,0,0,0,3.825,35.35,0.0,6.546,30.919,0.0,4.179,29.692,0.0,2.994,34.969,0.067
2026-05-19 16:25:19,0.017,10010624.0,0.0,6.067,1.0,116.125,121.336,992.308,3000.0,0,0.0,5902336.0,0.0,0,0,2.352,1.834,0,0,0,0.199,16875520.0,1.787,23.756,1.0,25.913,24.867,273.942,847.459,0,0.005,42528768.0,0.0,5.756,1.0,16.258,15.967,2.839,4.581,0,0.016,28164096.0,0.004,34.067,1.0,54.602,53.163,0.399,3.928,0,0.0,15507456.0,0.0,0,0,2.233,1.882,0,0,0,0.0,5681152.0,0.0,0,0,2.527,2.06,0,0,0,0.001,44736512.0,0.0,0,0,2.415,1.968,0,0,0,0.008,43593728.0,0.0,3.067,1.0,13.679,13.37,769.608,985.294,0,0.019,89698304.0,0.036,5.8,1.0,9.413,5.813,2.873,4.588,0,0.004,8921088.0,0.0,0,0,12.533,7.08,0,0,0,3.815,35.35,0.0,6.546,30.919,0.0,4.158,29.568,0.0,2.994,34.969,0.067
2026-05-19 16:25:24,0.014,10579968.0,0.0,6.067,1.0,92.987,97.16,992.308,3000.0,0,0.0,5902336.0,0.0,0,0,2.352,1.834,0,0,0,0.136,16875520.0,1.215,23.756,1.0,25.913,24.867,273.942,847.459,0,0.005,42528768.0,0.0,5.756,1.0,16.258,15.967,2.839,4.581,0,0.016,30019584.0,0.0,34.067,1.0,40.739,39.621,0.399,3.928,0,0.0,15507456.0,0.0,0,0,2.233,1.882,0,0,0,0.0,5959680.0,0.0,0,0,1.741,1.484,0,0,0,0.001,44736512.0,0.0,0,0,2.501,2.056,0,0,0,0.008,43655168.0,0.0,3.067,1.0,13.679,13.37,769.608,985.294,0,0.019,89698304.0,0.036,5.8,1.0,11.459,7.159,2.873,4.588,0,0.004,8921088.0,0.0,0,0,12.773,7.225,0,0,0,3.81,35.284,0.067,6.586,30.986,0.0,4.253,29.568,0.0,2.994,34.969,0.067
2026-05-19 16:25:29,0.018,10579968.0,0.0,5.956,1.0,116.351,121.982,1130.102,3459.302,0,0.0,5902336.0,0.0,0,0,2.388,1.835,0,0,0,0.153,16875520.0,1.363,23.289,1.0,25.294,24.582,286.964,891.99,0,0.005,43020288.0,0.0,5.889,1.0,16.157,15.801,2.823,4.578,0,0.016,30019584.0,0.0,35.689,1.0,44.651,43.5,0.41,3.976,0,0.0,15507456.0,0.0,0,0,2.464,2.033,0,0,0,0.0,5959680.0,0.0,0,0,2.203,1.824,0,0,0,0.001,44736512.0,0.0,0,0,2.412,1.933,0,0,0,0.008,43655168.0,0.0,2.978,1.0,13.679,13.37,789.474,1400.0,0,0.014,89698304.0,0.025,5.8,1.0,11.459,7.159,2.848,4.596,0,0.004,8921088.0,0.0,0,0,10.657,6.028,0,0,0,3.81,35.284,0.067,6.694,30.986,0.0,4.253,29.568,0.0,2.974,34.977,0.067
2026-05-19 16:25:34,0.018,10579968.0,0.0,5.956,1.0,116.351,121.982,1130.102,3459.302,0,0.0,5931008.0,0.0,0,0,2.388,1.835,0,0,0,0.198,17395712.0,1.777,23.289,1.0,24.556,24.04,286.964,891.99,0,0.005,43020288.0,0.0,5.889,1.0,16.177,15.787,2.823,4.578,0,0.017,30265344.0,0.0,35.689,1.0,55.437,54.008,0.41,3.976,0,0.0,15507456.0,0.0,0,0,2.464,2.033,0,0,0,0.0,5959680.0,0.0,0,0,2.203,1.824,0,0,0,0.001,44736512.0,0.0,0,0,2.082,1.676,0,0,0,0.006,43655168.0,0.0,2.978,1.0,13.023,12.902,789.474,1400.0,0,0.011,89698304.0,0.019,5.8,1.0,11.344,7.18,2.848,4.596,0,0.004,8916992.0,0.0,0,0,12.399,7.02,0,0,0,3.792,35.284,0.067,6.694,30.986,0.0,4.281,29.505,0.0,2.974,34.977,0.067
2026-05-19 16:25:39,0.017,10551296.0,0.0,5.956,1.0,116.351,121.982,1130.102,3459.302,0,0.0,5931008.0,0.0,0,0,2.388,1.835,0,0,0,0.198,17395712.0,1.777,23.289,1.0,24.556,24.04,286.964,891.99,0,0.004,43270144.0,0.0,5.889,1.0,16.177,15.787,2.823,4.578,0,0.016,30265344.0,0.0,35.689,1.0,55.437,54.008,0.41,3.976,0,0.0,15810560.0,0.0,0,0,2.672,2.19,0,0,0,0.0,5959680.0,0.0,0,0,2.203,1.824,0,0,0,0.001,44736512.0,0.0,0,0,2.505,2.016,0,0,0,0.007,43687936.0,0.0,2.978,1.0,13.023,12.902,789.474,1400.0,0,0.02,85221376.0,0.05,5.8,1.0,11.344,7.18,2.847,4.596,0,0.004,8916992.0,0.0,0,0,12.243,6.938,0,0,0,3.771,35.281,0.2,6.681,30.863,0.0,4.214,29.505,0.0,2.974,34.977,0.067
2026-05-19 16:25:44,0.017,10551296.0,0.0,5.889,1.0,116.351,121.982,1042.135,3598.958,0,0.0,5931008.0,0.0,0,0,2.12,1.652,0,0,0,0.198,17059840.0,1.784,22.378,1.0,23.575,22.935,326.446,896.026,0,0.004,43270144.0,0.0,5.956,1.0,15.628,15.319,2.834,4.58,0,0.016,30265344.0,0.0,37.133,1.0,44.349,43.206,0.421,4.015,0,0.0,15810560.0,0.0,0,0,2.672,2.19,0,0,0,0.0,5959680.0,0.0,0,0,2.27,1.855,0,0,0,0.001,44736512.0,0.0,0,0,2.614,2.108,0,0,0,0.007,43687936.0,0.0,2.733,1.0,12.209,12.178,786.866,1332.812,0,0.023,85221376.0,0.06,5.889,1.0,11.344,7.18,2.824,4.578,0,0.004,8925184.0,0.0,0,0,12.243,6.938,0,0,0,3.771,35.281,0.2,6.592,30.863,0.0,4.214,29.505,0.0,2.925,34.992,0.0
2026-05-19 16:25:49,0.017,10551296.0,0.0,5.889,1.0,115.899,120.871,1042.135,3598.958,0,0.0,5931008.0,0.0,0,0,1.908,1.487,0,0,0,0.198,17059840.0,1.784,22.378,1.0,22.704,22.128,326.446,896.026,0,0.005,43270144.0,0.0,5.956,1.0,15.393,15.098,2.834,4.58,0,0.016,30265344.0,0.0,37.133,1.0,55.218,53.824,0.421,4.015,0,0.0,15810560.0,0.0,0,0,2.06,1.609,0,0,0,0.0,5959680.0,0.0,0,0,2.27,1.855,0,0,0,0.001,44736512.0,0.0,0,0,2.614,2.108,0,0,0,0.007,43687936.0,0.0,2.733,1.0,11.687,11.583,786.866,1332.812,0,0.023,85221376.0,0.06,5.889,1.0,10.983,6.793,2.824,4.578,0,0.004,8925184.0,0.0,0,0,11.808,6.664,0,0,0,3.763,35.281,0.2,6.592,30.863,0.0,4.232,29.62,0.0,2.925,34.992,0.0
2026-05-19 16:25:54,0.017,10706944.0,0.0,5.889,1.0,115.899,120.871,1042.135,3598.958,0,0.0,5939200.0,0.0,0,0,2.427,1.952,0,0,0,0.163,17059840.0,1.483,22.378,1.0,22.704,22.128,326.446,896.026,0,0.005,43819008.0,0.0,5.956,1.0,15.204,14.829,2.834,4.58,0,0.016,30085120.0,0.0,37.133,1.0,55.218,53.824,0.421,4.015,0,0.0,16039936.0,0.0,0,0,1.825,1.425,0,0,0,0.0,5967872.0,0.0,0,0,2.27,1.855,0,0,0,0.001,44736512.0,0.0,0,0,2.52,1.971,0,0,0,0.007,43651072.0,0.0,2.733,1.0,11.687,11.583,786.866,1332.812,0,0.023,85221376.0,0.06,5.889,1.0,10.983,6.793,2.824,4.578,0,0.004,8925184.0,0.0,0,0,11.808,6.664,0,0,0,3.742,35.277,0.0,6.549,30.943,0.0,4.282,29.62,0.0,2.925,34.992,0.0
2026-05-19 16:25:59,0.017,10706944.0,0.0,5.667,1.0,114.257,119.147,1034.884,3692.308,0,0.0,5939200.0,0.0,0,0,2.346,1.892,0,0,0,0.161,17059840.0,1.466,22.867,1.0,23.402,22.808,315.833,902.097,0,0.005,43819008.0,0.0,6.0,1.0,15.204,14.829,2.832,4.566,0,0.016,30085120.0,0.0,36.6,1.0,55.185,53.992,0.422,4.017,0,0.0,16039936.0,0.0,0,0,1.825,1.425,0,0,0,0.0,5967872.0,0.0,0,0,2.71,2.177,0,0,0,0.001,44740608.0,0.0,0,0,2.427,1.89,0,0,0,0.007,43651072.0,0.0,2.8,1.0,11.687,11.583,800.481,1607.143,0,0.02,85442560.0,0.049,5.911,1.0,10.983,6.793,2.848,4.582,0,0.004,8921088.0,0.0,0,0,11.808,6.664,0,0,0,3.742,35.277,0.0,6.629,30.943,0.0,4.282,29.62,0.0,2.897,34.886,0.0
2026-05-19 16:26:04,0.017,10706944.0,0.0,5.667,1.0,81.942,84.717,1034.884,3692.308,0,0.0,5939200.0,0.0,0,0,2.484,1.928,0,0,0,0.145,17059840.0,1.317,22.867,1.0,19.924,19.615,315.833,902.097,0,0.005,43819008.0,0.0,6.0,1.0,14.759,14.345,2.832,4.566,0,0.016,30085120.0,0.0,36.6,1.0,54.032,52.853,0.422,4.017,0,0.0,16039936.0,0.0,0,0,2.469,1.963,0,0,0,0.0,5967872.0,0.0,0,0,2.71,2.177,0,0,0,0.001,44740608.0,0.0,0,0,2.427,1.89,0,0,0,0.007,43651072.0,0.0,2.8,1.0,11.297,11.237,800.481,1607.143,0,0.02,85442560.0,0.049,5.911,1.0,8.602,5.328,2.848,4.582,0,0.004,8921088.0,0.0,0,0,11.173,6.431,0,0,0,3.74,35.277,0.0,6.629,30.943,0.0,4.285,29.511,0.0,2.897,34.886,0.0
2026-05-19 16:26:09,0.017,10706944.0,0.0,5.667,1.0,91.408,94.504,1034.884,3692.308,0,0.0,5939200.0,0.0,0,0,2.484,1.928,0,0,0,0.197,17063936.0,1.78,22.867,1.0,22.997,22.641,315.833,902.097,0,0.005,44306432.0,0.0,6.0,1.0,12.265,11.921,2.832,4.566,0,0.016,30953472.0,0.0,36.6,1.0,54.032,52.853,0.422,4.017,0,0.0,16175104.0,0.0,0,0,2.469,1.963,0,0,0,0.0,5967872.0,0.0,0,0,2.71,2.177,0,0,0,0.001,44740608.0,0.0,0,0,2.541,2.013,0,0,0,0.008,43704320.0,0.0,2.8,1.0,12.064,12.124,800.481,1607.143,0,0.02,85442560.0,0.049,5.911,1.0,10.573,6.549,2.848,4.582,0,0.004,8921088.0,0.0,0,0,11.173,6.431,0,0,0,3.731,35.296,0.0,6.614,30.891,0.0,4.182,29.511,0.0,2.897,34.886,0.0
2026-05-19 16:26:14,0.016,10760192.0,0.0,5.733,1.0,110.06,113.155,1106.061,3256.757,0,0.0,5963776.0,0.0,0,0,2.492,1.956,0,0,0,0.197,17063936.0,1.778,24.267,1.0,24.058,23.909,279.969,853.407,0,0.005,44306432.0,0.0,5.733,1.0,10.809,10.56,2.947,4.772,0,0.016,30953472.0,0.0,33.8,1.0,54.06,52.883,0.426,4.065,0,0.0,16175104.0,0.0,0,0,2.469,1.963,0,0,0,0.0,5984256.0,0.0,0,0,2.477,2.064,0,0,0,0.001,44740608.0,0.0,0,0,2.614,2.087,0,0,0,0.008,43704320.0,0.0,3.044,1.0,12.064,12.124,769.763,985.573,0,0.008,85807104.0,0.006,5.911,1.0,10.165,6.348,2.777,4.555,0,0.004,8921088.0,0.0,0,0,10.944,6.351,0,0,0,3.731,35.296,0.0,6.503,30.891,0.0,4.182,29.511,0.0,2.908,35.008,0.0
2026-05-19 16:26:19,0.016,10760192.0,0.0,5.733,1.0,110.06,113.155,1106.061,3256.757,0,0.0,5963776.0,0.0,0,0,2.492,1.956,0,0,0,0.197,17063936.0,1.778,24.267,1.0,24.537,24.338,279.969,853.407,0,0.005,44306432.0,0.0,5.733,1.0,14.488,14.081,2.947,4.772,0,0.016,30953472.0,0.0,33.8,1.0,44.182,43.22,0.426,4.065,0,0.0,16175104.0,0.0,0,0,2.395,1.944,0,0,0,0.0,5984256.0,0.0,0,0,2.477,2.064,0,0,0,0.001,44740608.0,0.0,0,0,2.614,2.087,0,0,0,0.008,43704320.0,0.0,3.044,1.0,12.145,12.176,769.763,985.573,0,0.009,85807104.0,0.006,5.911,1.0,10.165,6.348,2.777,4.555,0,0.004,8916992.0,0.0,0,0,10.912,6.307,0,0,0,3.789,35.296,0.0,6.503,30.891,0.0,4.108,29.54,0.0,2.908,35.008,0.0
2026-05-19 16:26:24,0.016,10760192.0,0.0,5.733,1.0,110.06,113.155,1106.061,3256.757,0,0.0,5963776.0,0.0,0,0,2.515,1.983,0,0,0,0.197,17063936.0,1.778,24.267,1.0,24.537,24.338,279.969,853.407,0,0.004,44306432.0,0.0,5.733,1.0,14.488,14.081,2.947,4.772,0,0.012,30953472.0,0.0,33.8,1.0,39.677,38.813,0.426,4.065,0,0.0,16175104.0,0.0,0,0,1.862,1.512,0,0,0,0.0,5984256.0,0.0,0,0,2.477,2.064,0,0,0,0.001,44740608.0,0.0,0,0,2.614,2.087,0,0,0,0.008,43896832.0,0.0,3.044,1.0,10.046,10.072,769.763,985.573,0,0.011,85807104.0,0.008,5.911,1.0,8.4,5.199,2.777,4.555,0,0.004,8916992.0,0.0,0,0,10.912,6.307,0,0,0,3.849,35.074,0.0,6.489,30.993,0.4,4.179,29.54,0.0,2.908,35.008,0.0
